name,price,type,interface,capacity,price_per_gb,color
Apricorn Aegis Fortress L3,12999,Portable,"USB Type-A 3.2 Gen 1, USB Type-C 3.2 Gen 1",20000,0.65,Black
Western Digital My Book Duo,1199.99,Desktop,"USB Type-A 3.2 Gen 1, USB Type-C 3.2 Gen 1",44000,0.027,Black
Western Digital ELEMENTS,59.9,Portable,USB Type-A 3.2 Gen 1,1000,0.06,
Sabrent Rocket XTRM-Q,,Desktop,USB Type-C 3.2 Gen 2,16000,,
Western Digital WD_BLACK P10,119,Portable,USB Type-A 3.2 Gen 1,5000,0.024,Black
Apricorn Aegis Fortress L3,1130.25,Portable,"USB Type-A 3.2 Gen 1, USB Type-C 3.2 Gen 1",4000,0.283,Black
Western Digital My Passport,97.99,Portable,USB Type-A 3.2 Gen 1,4000,0.024,Black
Samsung T9 Portable,299.99,Portable,USB Type-C 3.2 Gen 2x2,4000,0.075,Black
Verbatim Vx460,33.31,Portable,USB Type-A 3.2 Gen 1,128,0.26,Black
Samsung T5 EVO Portable,518.99,Portable,USB Type-C 3.2 Gen 1,8000,0.065,Black
Western Digital My Book Duo,999.99,Desktop,"USB Type-A 3.2 Gen 1, USB Type-C 3.2 Gen 1",36000,0.028,Black
Western Digital WD_BLACK P10,69.98,Portable,USB Type-A 3.2 Gen 1,2000,0.035,Black
Seagate Backup Plus Portable,102.81,Portable,USB Type-A 3.2 Gen 1,4000,0.026,Black
Western Digital easystore,269.99,Desktop,USB Type-A 3.2 Gen 1,14000,0.019,Black
Western Digital ELEMENTS,159.99,Desktop,USB Type-A 3.2 Gen 1,8000,0.02,Black
Samsung T7 Shield,298.36,Portable,USB Type-C 3.2 Gen 2,4000,0.075,Black
Seagate One Touch,83.33,Portable,USB Type-A 3.2 Gen 1,1000,0.083,Black
Western Digital My Passport,54.99,Portable,USB Type-A 3.2 Gen 1,1000,0.055,Black
Seagate Expansion,299.99,Desktop,USB Type-A 3.2 Gen 1,18000,0.017,Black
SanDisk Extreme Portable V2,99.99,Portable,USB Type-C 3.2 Gen 1,1000,0.1,Black / Orange
Seagate One Touch,384.63,Desktop,USB Type-A 3.2 Gen 1,18000,0.021,Black
TEAMGROUP M200,799.99,Portable,USB Type-C 3.2 Gen 2x2,8000,0.1,Black
Western Digital My Passport,83.51,Portable,USB Type-A 3.2 Gen 1,2000,0.042,Black
Apricorn Padlock DT FIPS,1086.97,Desktop,USB Type-A 3.2 Gen 1,22000,0.049,Black
Seagate Expansion,499.99,Desktop,USB Type-A 3.2 Gen 1,24000,0.021,Black
SanDisk Extreme Portable V2,279.99,Portable,USB Type-C 3.2 Gen 1,4000,0.07,Black / Orange
Seagate Backup Plus,,Portable,USB Type-A 3.2 Gen 1,2000,,
Western Digital My Passport,129.99,Portable,USB Type-A 3.2 Gen 1,5000,0.026,Black
Samsung T7 Portable,107.21,Portable,USB Type-C 3.2 Gen 1,1000,0.107,Black / Silver
Western Digital ELEMENTS,256.93,Desktop,USB Type-A 3.2 Gen 2,14000,0.018,Black
Western Digital My Book,269.99,Desktop,USB Type-A 3.2 Gen 2,14000,0.019,Black
Western Digital WD_BLACK P10,107,Portable,USB Type-A 3.2 Gen 1,4000,0.027,Black
Apricorn Aegis Fortress L3,4999,Portable,"USB Type-A 3.2 Gen 1, USB Type-C 3.2 Gen 1",16000,0.312,Black
Corsair EX100U,309.99,Portable,USB Type-C 3.2 Gen 2x2,4000,0.077,Black
Seagate One Touch,199.99,Desktop,USB Type-A 3.2 Gen 1,8000,0.025,Black
Western Digital ELEMENTS,209.99,Desktop,USB Type-A 3.2 Gen 1,10000,0.021,Black
Samsung T7 Shield,179,Portable,USB Type-C 3.2 Gen 2,2000,0.089,Black
Crucial X10 Pro,304.99,Portable,USB Type-C 3.2 Gen 2x2,4000,0.076,Black
Crucial X10 Pro,204.99,Portable,USB Type-C 3.2 Gen 2x2,2000,0.102,Black
Western Digital easystore,330.99,Desktop,USB Type-A,20000,0.017,Black
Seagate Backup Plus Portable,119,Portable,USB Type-A 3.2 Gen 1,5000,0.024,Black
Western Digital WD_BLACK D10,269.99,Desktop,USB Type-A 3.2 Gen 2,12000,0.022,Black
Samsung T5,219.34,Portable,USB Type-C 3.2 Gen 1,1000,0.219,
TEAMGROUP PD20M Mag,82.99,Portable,USB Type-C 3.2 Gen 2,2000,0.041,Black
Apricorn Aegis Fortress,1152.99,Portable,USB Type-A 3.2 Gen 1,4000,0.288,Black
Western Digital WD_BLACK D10,187.1,Desktop,USB Type-A 3.2 Gen 2,8000,0.023,Black
Samsung T5 EVO Portable,229.99,Portable,USB Type-C 3.2 Gen 1,4000,0.057,Black
Kingston XS1000,74.98,Portable,USB Type-C 3.2 Gen 2,1000,0.075,Black
Western Digital My Passport,69.99,Portable,USB Type-A 3.2 Gen 1,2000,0.035,White
Seagate Backup Plus Hub,299,Desktop,USB Type-A 3.2 Gen 2,8000,0.037,
Western Digital My Book,238.99,Desktop,USB Type-A 3.2 Gen 2,12000,0.02,Black
SanDisk Professional PRO-Blade Transport,334.86,Portable,USB Type-C 3.2 Gen 2x2,4000,0.084,Black
Seagate Expansion,189.95,Desktop,USB Type-A 3.2 Gen 1,4000,0.047,
Crucial X6,79.98,Portable,USB Type-C 3.2 Gen 2,1000,0.08,Black
Crucial X9,139.99,Portable,USB Type-C 3.2 Gen 2,2000,0.07,Black
Kingston XS2000,269.99,Portable,USB Type-C 3.2 Gen 2x2,4000,0.067,Silver
Silicon Power PC60,,Portable,USB Type-C 3.2 Gen 2,256,,Black
Samsung T9 Portable,134.99,Portable,USB Type-C 3.2 Gen 2x2,1000,0.135,Black
Corsair EX100U,149.99,Portable,USB Type-C 3.2 Gen 2x2,2000,0.075,Black
Toshiba Canvio Basics 3.0,101,Portable,,2000,0.05,
Seagate Expansion,329.99,Desktop,USB Type-A 3.2 Gen 1,2000,0.165,
Apricorn Aegis Fortress,2769,Portable,USB Type-A 3.2 Gen 1,8000,0.346,Black
SanDisk Extreme Portable V2,154.99,Portable,USB Type-C 3.2 Gen 1,2000,0.077,Black / Orange
Kingston XS1000,119.99,Portable,USB Type-C 3.2 Gen 2,2000,0.06,Black
Seagate Expansion,449.99,Desktop,USB Type-A 3.2 Gen 1,20000,0.022,Black
Seagate One Touch,316.68,Desktop,USB Type-A 3.2 Gen 1,14000,0.023,Black
Samsung T9 Portable,227.38,Portable,USB Type-C 3.2 Gen 2x2,2000,0.114,Black
Seagate Backup Plus Slim,59,Portable,USB Type-A 3.2 Gen 1,1000,0.059,Black
Toshiba Canvio Basics,68.54,Portable,USB Type-A 3.2 Gen 1,1000,0.069,
Western Digital My Book,179.99,Desktop,USB Type-A 3.2 Gen 1,8000,0.022,Black
Crucial X9,84.99,Portable,USB Type-C 3.2 Gen 2,1000,0.085,Black
Western Digital My Book,119.99,Desktop,USB Type-A 3.2 Gen 1,4000,0.03,Black
Western Digital easystore,319.99,Desktop,"USB Type-A 2.0, USB Type-A 3.2 Gen 1",18000,0.018,Black
Seagate Expansion,179.99,Desktop,USB Type-A 3.2 Gen 1,8000,0.022,
Western Digital easystore,284.99,Desktop,"USB Type-A 2.0, USB Type-A 3.2 Gen 1",16000,0.018,Black
Western Digital Elements Portable,111.57,Portable,USB Type-A 3.2 Gen 1,4000,0.028,Black
Crucial X9 Pro,283.39,Portable,USB Type-C 3.2 Gen 2,4000,0.071,Silver
Western Digital easystore,409.99,Desktop,USB Type-A,22000,0.019,Black
Buffalo Technology DriveStation Axis Velocity,79.99,Desktop,USB Type-A 3.2 Gen 1,2000,0.04,
Crucial X8,229,Portable,"USB Type-A 3.2 Gen 1, USB Type-C 3.2 Gen 2",2000,0.114,Black
Western Digital My Book Duo,679.99,Desktop,"USB Type-A 3.2 Gen 1, USB Type-C 3.2 Gen 1",24000,0.028,Black
Seagate Expansion,,Desktop,USB Type-A 3.2 Gen 1,4000,,
Sabrent Rocket Pro,,Portable,USB Type-C 3.2 Gen 2,4000,,Silver
Western Digital WD_BLACK P50,312,Portable,USB Type-C 3.2 Gen 1,1000,0.312,Black / Silver
Corsair EX100U,92.99,Portable,USB Type-C 3.2 Gen 2x2,1000,0.093,Black
Seagate One Touch,337.04,Desktop,USB Type-A 3.2 Gen 1,16000,0.021,Black
Western Digital My Book Duo,469.99,Desktop,"USB Type-A 3.2 Gen 1, USB Type-C 3.2 Gen 1",16000,0.029,Black
Western Digital My Book Duo,562.66,Desktop,"USB Type-A 3.2 Gen 1, USB Type-C 3.2 Gen 1",20000,0.028,Black
Samsung T5 EVO Portable,139.99,Portable,USB Type-C 3.2 Gen 1,2000,0.07,Black
Seagate One Touch,279.99,Desktop,USB Type-A 3.2 Gen 1,10000,0.028,Black
Western Digital easystore,,Desktop,USB Type-A 3.2 Gen 1,12000,,
Seagate Game Drive Xbox GamePass Edition,229,Portable,USB Type-A 3.2 Gen 1,4000,0.057,White
Western Digital ELEMENTS,,Portable,USB Type-A 3.2 Gen 1,1000,,
Apricorn Padlock DT FIPS,975.23,Desktop,USB Type-A 3.2 Gen 1,18000,0.054,Black
Seagate Expansion,,Desktop,USB Type-A 3.2 Gen 1,14000,,Black
Western Digital â€ŽWDBU6Y0050BBK-WESN,124.99,Portable,USB Type-A 3.2 Gen 1,5000,0.025,Black
TEAMGROUP M200,109.99,Portable,USB Type-C 3.2 Gen 2x2,2000,0.055,Black
Sabrent Rocket Nano V2,394.71,Portable,USB Type-C 3.2 Gen 2x2,4000,0.099,Black
Samsung T7 Portable,149.99,Portable,USB Type-C 3.2 Gen 1,2000,0.075,Black / Silver
Apricorn Aegis Padlock DT,1279,Desktop,USB Type-A 3.2 Gen 1,22000,0.058,Black
Apricorn Padlock SSD,1100.03,Portable,USB Type-A 3.2 Gen 1,4000,0.275,Black
Seagate Expansion,,Portable,USB Type-C 3.2 Gen 1,2000,,Black
Seagate Barracuda Fast,,Portable,USB Type-C,2000,,Black
Western Digital ELEMENTS,,Portable,USB Type-A 3.2 Gen 1,2000,,
Western Digital easystore,238.88,Desktop,USB Type-A 3.2 Gen 1,8000,0.03,
Western Digital SanDisk Desk Drive,299.99,Desktop,USB Type-C 3.2 Gen 2,4000,0.075,Black
Samsung T7 Portable,149.99,Portable,USB Type-C 3.2 Gen 1,2000,0.075,Blue / Silver
ADATA DashDrive Durable HD650,88.4,Portable,USB Type-A 3.2 Gen 1,1000,0.088,
Western Digital My Book Duo,789.99,Desktop,"USB Type-A 3.2 Gen 1, USB Type-C 3.2 Gen 1",28000,0.028,Black
Western Digital ELEMENTS,129.99,Desktop,USB Type-A 3.2 Gen 1,4000,0.032,
Apricorn NVX,315.08,Portable,USB Type-C 3.2 Gen 2,500,0.63,Black
Seagate One Touch,100.08,Portable,USB Type-A 3.2 Gen 1,2000,0.05,Black
Seagate One Touch,164.99,Portable,"USB Type-A 3.2 Gen 2, USB Type-C 3.2 Gen 2",2000,0.082,Black
Seagate Expansion,199.9,Portable,USB Type-A 3.2 Gen 1,5000,0.04,Black
Samsung T5,439,Portable,USB Type-C 3.2 Gen 1,2000,0.22,Black
Crucial X9,254.99,Portable,USB Type-C 3.2 Gen 2,4000,0.064,Black
Crucial X6,53.88,Portable,USB Type-C 3.2 Gen 2,500,0.108,Black
Western Digital My Passport,124.99,Portable,USB Type-A 3.2 Gen 1,4000,0.031,Red
Western Digital ELEMENTS,154.99,Desktop,USB Type-A 3.2 Gen 1,6000,0.026,Black
Seagate Expansion,299.95,Desktop,USB Type-A 3.2 Gen 1,10000,0.03,Black
Toshiba Canvio Desk,,Desktop,USB Type-A 3.2 Gen 1,4000,,
Samsung D3 Station,,Desktop,USB Type-A 3.2 Gen 1,5000,,
Buffalo Technology DriveStation,,Desktop,"IEEE 1394A 6-Pin, IEEE 1394B 9-Pin, eSATA 3.0 Gb/s, USB Type-A 2.0",1000,,
Western Digital My Passport,69.98,Portable,USB Type-A 3.2 Gen 1,1000,0.07,Red
Crucial X6,126.77,Portable,USB Type-C 3.2 Gen 2,2000,0.063,Black
Samsung T7 Shield,95.99,Portable,USB Type-C 3.2 Gen 2,1000,0.096,Blue
Samsung T7 Shield,119.99,Portable,USB Type-C 3.2 Gen 2,1000,0.12,Black
Western Digital My Passport,111.95,Portable,USB Type-A 3.2 Gen 1,4000,0.028,Blue
Western Digital My Book,145,Desktop,USB Type-A 3.2 Gen 1,6000,0.024,Black
Silicon Power PC60,53.37,Portable,USB Type-C 3.2 Gen 2,512,0.104,Black
Western Digital My Passport,127.2,Portable,USB Type-A 3.2 Gen 1,5000,0.025,Red
TEAMGROUP M200,68.99,Portable,USB Type-C 3.2 Gen 2x2,500,0.138,Black
Crucial X9 Pro,169.99,Portable,USB Type-C 3.2 Gen 2,2000,0.085,Silver
LaCie Rugged Mini,79,Portable,USB Type-A 3.2 Gen 1,1000,0.079,
Kingston XS2000,149.99,Portable,USB Type-C 3.2 Gen 2x2,2000,0.075,Silver
Seagate STEB6000403,229.9,Desktop,USB Type-A 3.2 Gen 1,6000,0.038,Black
Western Digital My Book,,Desktop,USB Type-A 3.2 Gen 1,3000,,Black
Seagate Expansion,,Portable,USB Type-C 3.2 Gen 1,1000,,Black
Western Digital My Passport,124.99,Portable,USB Type-A 3.2 Gen 1,4000,0.031,White
Silicon Power Bolt B75 Pro,205.99,Portable,USB Type-C 3.2 Gen 2,4000,0.051,Black
Western Digital My Passport,84.99,Portable,USB Type-A 3.2 Gen 1,2000,0.042,Red
Western Digital My Passport,84.99,Portable,USB Type-A 3.2 Gen 1,2000,0.042,Blue
Seagate One Touch,124.58,Desktop,USB Type-A 3.2 Gen 1,4000,0.031,Black
Seagate One Touch,139.99,Portable,USB Type-A 3.2 Gen 1,5000,0.028,Black
Western Digital easystore,549.99,Desktop,USB Type-A 3.2 Gen 1,24000,0.023,Black
Seagate Expansion,397.95,Desktop,USB Type-A 3.2 Gen 1,16000,0.025,Black
Western Digital ELEMENTS,249.99,Desktop,USB Type-A 3.2 Gen 1,12000,0.021,
Samsung T5,206.31,Portable,USB Type-C 3.2 Gen 1,500,0.413,
LaCie Rugged Mini,93.46,Portable,USB Type-A 3.2 Gen 1,2000,0.047,Orange / Silver
ADATA AHV620-2TU3-CBK,59.99,Portable,USB Type-A 3.2 Gen 1,2000,0.03,
Apricorn Padlock DT FIPS,1050.15,Desktop,USB Type-A 3.2 Gen 1,20000,0.053,Black
Toshiba Canvio Desk,,Desktop,USB Type-A 3.2 Gen 1,5000,,
Apricorn Aegis Padlock 3.0,4949,Portable,USB Type-A 3.2 Gen 1,16000,0.309,Black
Toshiba Canvio Connect II,109,Portable,USB Type-A 3.2 Gen 1,1000,0.109,Black
Seagate One Touch,64.99,Portable,"USB Type-A 3.2 Gen 2, USB Type-C 3.2 Gen 2",500,0.13,Black
Western Digital My Passport,134.99,Portable,USB Type-A 3.2 Gen 1,5000,0.027,White
Seagate Backup Plus Ultra Touch,,Portable,USB Type-A 3.2 Gen 1,2000,,White
Transcend StoreJet,90.45,Portable,USB Type-A 3.2 Gen 1,2000,0.045,
Seagate Backup Plus,,Portable,USB Type-A 3.2 Gen 1,4000,,
Toshiba Canvio Basics 3.0,,Portable,USB Type-A 3.2 Gen 1,2000,,
Crucial X6,279.99,Portable,USB Type-C 3.2 Gen 2,4000,0.07,Black
Silicon Power Bolt B75 Pro,69.98,Portable,USB Type-C 3.2 Gen 2,1000,0.07,Black
Kingston XS2000,92,Portable,USB Type-C 3.2 Gen 2x2,1000,0.092,Silver
Samsung T7 Shield,119.99,Portable,USB Type-C 3.2 Gen 2,1000,0.12,Beige
Lexar SL660 BLAZE,89.99,Portable,USB Type-C 3.2 Gen 2x2,512,0.176,Black
SanDisk Extreme Portable V2,89.99,Portable,USB Type-C 3.2 Gen 1,500,0.18,Black / Orange
Seagate One Touch,128.77,Portable,USB Type-A 3.2 Gen 1,4000,0.032,Black
Samsung T7 Portable,,Portable,USB Type-C 3.2 Gen 2,2000,,Black
Samsung T7 Portable,115.32,Portable,USB Type-C 3.2 Gen 1,500,0.231,Red / Silver
Western Digital easystore,229.99,Desktop,"USB Type-A 2.0, USB Type-A 3.2 Gen 1",12000,0.019,Black
Seagate Expansion,216.65,Desktop,USB Type-A 3.2 Gen 1,3000,0.072,
Western Digital My Book Studio,299.95,Desktop,"IEEE 1394B 9-Pin, USB Type-A 2.0",2000,0.15,
Lexar SL500,174.93,Portable,USB Type-C 3.2 Gen 2x2,2000,0.087,Black
Apricorn NVX,634.74,Portable,USB Type-C 3.2 Gen 2,2000,0.317,Black
Apricorn Aegis Fortress L3,2799,Portable,"USB Type-A 3.2 Gen 1, USB Type-C 3.2 Gen 1",8000,0.35,Black
Silicon Power Bolt B75 Pro,,Portable,USB Type-C 3.2 Gen 2,256,,Black
Silicon Power PC60,66.52,Portable,USB Type-C 3.2 Gen 2,240,0.277,Black
Seagate Backup Plus Slim,150,Portable,USB Type-A 3.2 Gen 1,2000,0.075,
LaCie Rugged,93,Portable,"Thunderbolt, USB Type-A 3.2 Gen 1",256,0.363,
Western Digital SanDisk Desk Drive,,Desktop,USB Type-C 3.2 Gen 2,8000,,Black
Apricorn Aegis Padlock DT,1179,Desktop,USB Type-A 3.2 Gen 1,20000,0.059,Black
Western Digital easystore,164.99,Desktop,"USB Type-A 2.0, USB Type-A 3.2 Gen 1",8000,0.021,Black
Western Digital My Book Duo,,Desktop,"USB Type-A 3.2 Gen 1, USB Type-C 3.2 Gen 1",12000,,Black
Seagate Backup Plus,249.95,Desktop,USB Type-A 3.2 Gen 1,8000,0.031,
Seagate Backup Plus,249.95,Desktop,USB Type-A 3.2 Gen 1,6000,0.042,
LaCie 5big,,Desktop,Thunderbolt,25000,,
Buffalo Technology DriveStation Duo,,Desktop,USB Type-A 3.2 Gen 1,8000,,
Sabrent Rocket XTRM-Q,,Portable,USB Type-C 3.2 Gen 2,8000,,Black
SanDisk Professional PRO-Blade Transport,229.99,Portable,USB Type-C 3.2 Gen 2x2,2000,0.115,Black
Apricorn Padlock SSD,604.43,Portable,USB Type-A 3.2 Gen 1,2000,0.302,Black
Apricorn Aegis Fortress L3,394.34,Portable,"USB Type-A 3.2 Gen 1, USB Type-C 3.2 Gen 1",4000,0.099,Black
Silicon Power PC60,,Portable,USB Type-C 3.2 Gen 2,4000,,Black
Sabrent Rocket Nano V2,199.99,Portable,USB Type-C 3.2 Gen 2x2,2000,0.1,Black
Seagate Barracuda Fast,,Portable,USB Type-C,500,,Black
Seagate One Touch,,Portable,USB Type-A 3.2 Gen 1,4000,,Gray
Seagate One Touch,74.55,Portable,"USB Type-A 3.2 Gen 2, USB Type-C 3.2 Gen 2",1000,0.075,Silver
Samsung T5 Portable,,Portable,USB Type-C 3.2 Gen 2,1000,,Red
Samsung T7 Portable,,Portable,USB Type-C 3.2 Gen 2,1000,,Silver
Samsung T7 Portable,157.93,Portable,USB Type-C 3.2 Gen 2,500,0.316,Silver
Samsung T7 Portable,115.99,Portable,USB Type-C 3.2 Gen 1,500,0.232,Black / Silver
Seagate Backup Plus Ultra Touch,,Portable,USB Type-A 3.2 Gen 1,2000,,Black
Asus FX HDD,,Portable,USB Type-A 3.2 Gen 2,2000,,Black
Asus FX HDD,,Portable,USB Type-A 3.2 Gen 2,1000,,Black
Seagate Backup Plus Portable,,Portable,USB Type-A 3.2 Gen 1,5000,,Black
Axiom Mobile-D,,Portable,USB Type-A 3.2 Gen 1,250,,
Western Digital ELEMENTS,,Portable,USB Type-A 3.2 Gen 1,500,,
Samsung T7 Portable,265,Portable,USB Type-C 3.2 Gen 1,2000,0.133,Red / Silver
Samsung T7 Shield,179.99,Portable,USB Type-C 3.2 Gen 2,2000,0.09,Beige
Seagate Backup Plus Ultra Touch,,Portable,USB Type-A 3.2 Gen 1,1000,,Black
TEAMGROUP M200,230.34,Portable,USB Type-C 3.2 Gen 2x2,4000,0.058,Black
Apricorn Aegis Fortress,769,Portable,USB Type-A 3.2 Gen 1,2000,0.385,Black
Seagate One Touch,169.99,Desktop,USB Type-A 3.2 Gen 1,6000,0.028,Black
Western Digital My Book,199.99,Desktop,USB Type-A 3.2 Gen 1,4000,0.05,
Sabrent Rocket Nano,149.99,Portable,USB Type-C 3.2 Gen 2,1000,0.15,Gold
Sabrent Rocket Nano V2,119.99,Portable,USB Type-C 3.2 Gen 2x2,1000,0.12,Black
Seagate One Touch,,Portable,USB Type-A 3.2 Gen 1,2000,,
Samsung T7 Portable,,Portable,USB Type-C 3.2 Gen 2,500,,Black
Western Digital My Passport,67.99,Portable,USB Type-A 3.2 Gen 1,1000,0.068,White
Western Digital My Passport,69.98,Portable,USB Type-A 3.2 Gen 1,1000,0.07,Blue
Samsung T7 Portable,94.99,Portable,USB Type-C 3.2 Gen 1,500,0.19,Blue / Silver
Western Digital My Passport Ultra Portable,145.99,Portable,USB Type-A 3.2 Gen 1,2000,0.073,
Apricorn Aegis Padlock DT,661.99,Desktop,USB Type-A 3.2 Gen 1,10000,0.066,Black
Apricorn Padlock DT FIPS,783.99,Desktop,USB Type-A 3.2 Gen 1,12000,0.065,Black
Western Digital easystore,,Desktop,USB Type-A 3.2 Gen 2,10000,,Black
Western Digital My Book,,Desktop,USB Type-A 3.2 Gen 1,10000,,Black
Seagate Backup Plus Hub,,Desktop,USB Type-A 3.2 Gen 1,10000,,Black
G-Technology G-DRIVE,,Desktop,"IEEE 1394B 9-Pin, eSATA 6.0 Gb/s, USB Type-A 3.2 Gen 1",4000,,
G-Technology G-DRIVE,,Desktop,"IEEE 1394B 9-Pin, eSATA 6.0 Gb/s, USB Type-A 3.2 Gen 1",2000,,
Apricorn ASSD-3PL256-120F,,Desktop,USB Type-A 2.0,120,,
Seagate Expansion,224.95,Desktop,USB Type-A 3.2 Gen 1,5000,0.045,
Toshiba Canvio Desk,143.28,Desktop,USB Type-A 3.2 Gen 1,3000,0.048,
Apricorn Aegis Padlock DT,540,Desktop,USB Type-A 3.2 Gen 1,1000,0.54,
Seagate Backup Plus,159.99,Desktop,USB Type-A 3.2 Gen 1,3000,0.053,
Seagate Backup Plus,215.35,Desktop,USB Type-A 3.2 Gen 1,3000,0.072,
Samsung D3 Station,,Desktop,USB Type-A 3.2 Gen 1,6000,,
LaCie 4big Quadra,,Desktop,"IEEE 1394B 9-Pin, USB Type-A 3.2 Gen 1",8000,,
Western Digital ELEMENTS,,Desktop,USB Type-A 3.2 Gen 1,5000,,
Western Digital ELEMENTS,,Desktop,USB Type-A 3.2 Gen 1,2000,,
Western Digital My Book Thunderbolt Duo,,Desktop,Thunderbolt,4000,,
Western Digital My Book Studio,,Desktop,USB Type-A 3.2 Gen 1,4000,,
Western Digital My Book Essential,,Desktop,USB Type-A 3.2 Gen 1,1000,,
LaCie Blade Runner,,Desktop,USB Type-A 3.2 Gen 1,4000,,
LaCie d2 Quadra,,Desktop,"IEEE 1394B 9-Pin, eSATA 3.0 Gb/s, USB Type-A 3.2 Gen 1",3000,,
Buffalo Technology DriveStation,,Desktop,Thunderbolt,512,,
Buffalo Technology DriveStation Duo,,Desktop,USB Type-A 3.2 Gen 1,4000,,
TEAMGROUP PD20 Eco Mini,140.99,Portable,USB Type-C,2000,0.07,White / Green
Lexar ARMOR 700,299.99,Portable,USB Type-C 3.2 Gen 2x2,4000,0.075,Black
TEAMGROUP T-Create CinemaPr P31,,Portable,USB Type-C 3.2 Gen 2x2,4000,,Gray
Lexar Professional SL600,94.99,Portable,USB Type-C 3.2 Gen 2x2,1000,0.095,Black
Lexar Professional SL600,184.99,Portable,USB Type-C 3.2 Gen 2x2,2000,0.092,Black
Sabrent Rocket Nano,289.99,Portable,USB Type-C 3.2 Gen 2,2000,0.145,Pink
SanDisk Professional PRO-Blade Transport,159.99,Portable,USB Type-C 3.2 Gen 2x2,1000,0.16,Black
Apricorn Aegis Padlock 3.0,2662.5,Portable,USB Type-A 3.2 Gen 1,8000,0.333,Black
Apricorn Aegis Padlock 3.0,724.95,Portable,USB Type-A 3.2 Gen 1,2000,0.362,Black
Apricorn Aegis Padlock 3.0,182.99,Portable,USB Type-A 3.2 Gen 1,1000,0.183,Black
Apricorn Aegis Fortress,,Portable,USB Type-A 3.2 Gen 1,16000,,Black
Apricorn Aegis Fortress L3,669.41,Portable,"USB Type-A 3.2 Gen 1, USB Type-C 3.2 Gen 1",2000,0.335,Black
Silicon Power Bolt B75,,Portable,USB Type-C 3.2 Gen 1,120,,Silver
Silicon Power PC60,148.37,Portable,USB Type-C 3.2 Gen 2,960,0.155,Black
Seagate Expansion,,Portable,USB Type-C 3.2 Gen 1,500,,Black
Verbatim Vx460,,Portable,USB Type-A 3.2 Gen 1,512,,Black
Crucial X8,,Portable,"USB Type-A 3.2 Gen 1, USB Type-C 3.2 Gen 2",1000,,Black
Seagate One Touch,165,Portable,USB Type-A 3.2 Gen 1,4000,0.041,Silver
Seagate One Touch,,Portable,USB Type-A 3.2 Gen 1,2000,,Gray
Seagate One Touch,,Portable,USB Type-A 3.2 Gen 1,1000,,Red
Seagate One Touch,119.99,Portable,"USB Type-A 3.2 Gen 2, USB Type-C 3.2 Gen 2",1000,0.12,Blue
Samsung T3 Portable,,Portable,USB Type-C 3.2 Gen 1,1000,,
Samsung T7 Portable,,Portable,USB Type-C 3.2 Gen 2,2000,,Silver
Samsung T7 Portable,,Portable,USB Type-C 3.2 Gen 2,1000,,Black
Sabrent ROCKET XTRM,,Portable,Thunderbolt,4000,,Silver
Western Digital My Passport,139.99,Portable,USB Type-A 3.2 Gen 1,5000,0.028,Blue
Western Digital G-DRIVE Mobile,,Portable,USB Type-C 3.2 Gen 1,2000,,Silver
Western Digital G-DRIVE Mobile,,Portable,"USB Type-A 2.0, USB Type-C 3.2 Gen 1",4000,,Silver
Buslink DL-4TSDU31G2,569.88,Portable,USB Type-A 3.2 Gen 2,4000,0.142,Black
ADATA SD600,,Portable,USB Type-A 3.2 Gen 1,256,,
Western Digital WDBGPU0010BBK-NESN,89.99,Portable,,1000,0.09,
Samsung T1,,Portable,USB Type-A 3.2 Gen 1,1000,,
Transcend StoreJet,59.99,Portable,USB Type-A 3.2 Gen 1,1000,0.06,
Toshiba Canvio Connect,,Portable,USB Type-A 3.2 Gen 1,1500,,
Toshiba Canvio Connect,,Portable,USB Type-A 3.2 Gen 1,750,,
Toshiba Canvio Connect,,Portable,USB Type-A 3.2 Gen 1,750,,
Toshiba Canvio Connect,,Portable,USB Type-A 3.2 Gen 1,500,,
Toshiba Canvio Connect,,Portable,USB Type-A 3.2 Gen 1,500,,
Apricorn Aegis Padlock,,Portable,"eSATA 3.0 Gb/s, USB Type-A 2.0",1000,,
Apricorn Aegis Padlock,,Portable,USB Type-A 2.0,320,,
Apricorn Aegis Padlock,461,Portable,USB Type-A 3.2 Gen 1,128,3.602,
Apricorn Aegis Padlock Fortress,222.84,Portable,USB Type-A 3.2 Gen 1,1000,0.223,
ADATA DashDrive Durable HD650,67.34,Portable,USB Type-A 3.2 Gen 1,1000,0.067,
Toshiba Canvio Connect,75,Portable,USB Type-A 3.2 Gen 1,500,0.15,
HP HPHDD2E30500AS1-RBU,,Portable,USB Type-A 3.2 Gen 1,500,,
Hitachi HGST Touro Mobile,,Portable,USB Type-A 3.2 Gen 1,1000,,
Seagate Backup Plus Slim,,Portable,USB Type-A 3.2 Gen 1,2000,,
Seagate Backup Plus Slim,,Portable,USB Type-A 3.2 Gen 1,2000,,
Seagate Backup Plus,110,Portable,USB Type-A 3.2 Gen 1,1000,0.11,
Seagate Expansion,,Portable,USB Type-A 3.2 Gen 1,1000,,
Verbatim Store 'n' Go,,Portable,USB Type-A 3.2 Gen 1,256,,
Western Digital My Passport Air,200,Portable,USB Type-A 3.2 Gen 1,500,0.4,
Kingston XS2000,59.99,Portable,USB Type-C 3.2 Gen 2x2,500,0.12,Silver
Samsung T7 Shield,178.58,Portable,USB Type-C 3.2 Gen 2,2000,0.089,Blue
Samsung T7 Portable,147.24,Portable,USB Type-C 3.2 Gen 1,1000,0.147,Red / Silver
Seagate One Touch,264.48,Desktop,USB Type-A 3.2 Gen 1,12000,0.022,Black
Sabrent Rocket Pro,69.98,Portable,USB Type-C 3.2 Gen 2,512,0.137,Silver
Silicon Power Bolt B75 Pro,,Portable,USB Type-C 3.2 Gen 2,2000,,Black
Crucial X9 Pro,104.99,Portable,USB Type-C 3.2 Gen 2,1000,0.105,Silver
Crucial X10 Pro,111.71,Portable,USB Type-C 3.2 Gen 2x2,1000,0.112,Black
Western Digital ELEMENTS,,Desktop,USB Type-A 3.2 Gen 1,3000,,
Lexar SL200,69.98,Portable,USB Type-C 3.2 Gen 1,512,0.137,Black
Sabrent Rocket Pro,,Portable,USB Type-C 3.2 Gen 2,1000,,Silver
Silicon Power PC60,80.9,Portable,USB Type-C 3.2 Gen 2,1000,0.081,Black
Samsung T7 Portable,109,Portable,USB Type-C 3.2 Gen 1,1000,0.109,Blue / Silver
Western Digital My Book Duo,898,Desktop,"USB Type-A 3.2 Gen 1, USB Type-C 3.2 Gen 1",8000,0.112,Black
TEAMGROUP M200,74.99,Portable,USB Type-C 3.2 Gen 2x2,1000,0.075,Black
TEAMGROUP PD1000,78.98,Portable,USB Type-C 3.2 Gen 2,1000,0.079,Teal
TEAMGROUP T-Create CinemaPr P31,175.99,Portable,USB Type-C 3.2 Gen 2x2,1000,0.176,Black
Lexar SL500,,Portable,USB Type-C 3.2 Gen 2x2,512,,Black
Sabrent Rocket Nano Rugged,99.99,Portable,USB Type-C 3.2 Gen 2,1000,0.1,Silver
Sabrent Rocket Nano,249.99,Portable,USB Type-C 3.2 Gen 2,2000,0.125,Red
Apricorn Aegis Fortress L3,429.34,Portable,"USB Type-A 3.2 Gen 1, USB Type-C 3.2 Gen 1",5000,0.086,Black
Silicon Power Bolt B75,58.48,Portable,USB Type-C 3.2 Gen 1,480,0.122,Silver
Silicon Power Bolt B75 Pro,,Portable,USB Type-C 3.2 Gen 2,512,,Black
Silicon Power PC60,349.45,Portable,USB Type-C 3.2 Gen 2,2000,0.175,Black
KIOXIA EXCERIA PLUS,,Portable,USB Type-C 3.2 Gen 2,1000,,Gray
Seagate One Touch,,Portable,USB Type-A 3.2 Gen 1,4000,,Blue
Seagate One Touch,101,Portable,USB Type-A 3.2 Gen 1,1000,0.101,Silver
ADATA SD700,174.35,Portable,USB Type-A 3.2 Gen 1,256,0.681,
Seagate STDR5000100,,Portable,,5000,,
Buffalo Technology MiniStation Extreme,,Portable,USB Type-A 3.2 Gen 1,500,,
Apricorn Aegis Padlock DT,1079,Desktop,USB Type-A 3.2 Gen 1,18000,0.06,Black
Apricorn Aegis Padlock DT,870.58,Desktop,USB Type-A 3.2 Gen 1,16000,0.054,Black
Apricorn Aegis Padlock DT,752.53,Desktop,USB Type-A 3.2 Gen 1,12000,0.063,Black
Apricorn Aegis Padlock DT,529.52,Desktop,USB Type-A 3.2 Gen 1,8000,0.066,Black
Apricorn Aegis Padlock DT,441.6,Desktop,USB Type-A 3.2 Gen 1,6000,0.074,Black
Apricorn Aegis Padlock DT,311.14,Desktop,USB Type-A 3.2 Gen 1,4000,0.078,Black
Apricorn Padlock DT FIPS,885.51,Desktop,USB Type-A 3.2 Gen 1,16000,0.055,Black
Apricorn Padlock DT FIPS,661.99,Desktop,USB Type-A 3.2 Gen 1,10000,0.066,Black
Apricorn Padlock DT FIPS,629,Desktop,USB Type-A 3.2 Gen 1,8000,0.079,Black
Apricorn Padlock DT FIPS,456.62,Desktop,USB Type-A 3.2 Gen 1,6000,0.076,Black
Apricorn Padlock DT FIPS,327.99,Desktop,USB Type-A 3.2 Gen 1,4000,0.082,Black
Apricorn Padlock DT FIPS,205.17,Desktop,USB Type-A 3.2 Gen 1,2000,0.103,Black
Koss Kanguru Ultra,,Desktop,USB Type-C,2000,,Black
Seagate Backup Plus,,Desktop,USB Type-A 3.2 Gen 1,4000,,Black
Seagate Backup Plus Hub,,Desktop,USB Type-A 3.2 Gen 1,14000,,Black
LaCie Porsche Design,,Desktop,USB Type-A 3.2 Gen 1,2000,,Silver
LaCie Porsche Design,,Desktop,USB Type-A 3.2 Gen 1,1000,,Silver
Western Digital easystore,,Desktop,USB Type-A 3.2 Gen 1,14000,,
Verbatim 99399,,Desktop,USB Type-A 3.2 Gen 1,4000,,Black
Western Digital My Book Duo,,Desktop,"USB Type-A 3.2 Gen 1, USB Type-C 3.2 Gen 1",6000,,Black
Western Digital My Book Duo,,Desktop,"USB Type-A 3.2 Gen 1, USB Type-C 3.2 Gen 1",4000,,Black
Western Digital easystore,,Desktop,USB Type-A 3.2 Gen 1,4000,,Black
G-Technology G-DRIVE,,Desktop,"IEEE 1394B 9-Pin, eSATA 6.0 Gb/s, USB Type-A 3.2 Gen 1",3000,,
Western Digital My Book,,Desktop,USB Type-A 3.2 Gen 1,6000,,
Edge Tech EDGDG-236236-PE,,Desktop,USB Type-A 3.2 Gen 1,4000,,
Buslink CipherShield,,Desktop,USB Type-A 3.2 Gen 1,6000,,
LaCie Porsche Design,,Desktop,USB Type-A 3.2 Gen 1,8000,,
Toshiba Canvio Desk,,Desktop,USB Type-A 3.2 Gen 1,2000,,
Transcend StoreJet 35T3,,Desktop,USB Type-A 3.2 Gen 1,2000,,
Transcend StoreJet 35T3,,Desktop,USB Type-A 3.2 Gen 1,3000,,
Imation Apollo Pro UX,,Desktop,USB Type-A 2.0,1000,,
Apricorn Aegis Padlock DT,,Desktop,USB Type-A 3.2 Gen 1,1000,,
Buslink CSC-2T-U3,,Desktop,USB Type-A 3.2 Gen 1,2000,,
Buslink CSC-1T-U2,,Desktop,USB Type-A 2.0,1000,,
Buslink CRF-2T-U2,,Desktop,USB Type-A 2.0,2000,,
Axiom USB3HD35S500-AX,,Desktop,,500,,
Axiom USB3HD35S3TB-AX,,Desktop,USB Type-A 3.2 Gen 1,3000,,
Axiom USB3HD35S2TB-AX,,Desktop,USB Type-A 3.2 Gen 1,2000,,
Axiom USB3HD35S250-AX,,Desktop,,250,,
Axiom USB3HD35S1TB-AX,,Desktop,USB Type-A 3.2 Gen 1,1000,,
Apricorn Aegis Padlock DT,182.43,Desktop,USB Type-A 3.2 Gen 1,2000,0.091,Black
Apricorn Aegis Padlock DT,,Desktop,USB Type-A 3.2 Gen 1,2000,,
Hitachi HGST Touro Desk Pro,,Desktop,USB Type-A 3.2 Gen 1,4000,,
Hitachi HGST Touro Desk,,Desktop,USB Type-A 3.2 Gen 1,4000,,
Seagate Backup Plus,229.95,Desktop,USB Type-A 3.2 Gen 1,5000,0.046,
Seagate Backup Plus,,Desktop,USB Type-A 3.2 Gen 1,4000,,
Seagate Backup Plus,199.51,Desktop,USB Type-A 3.2 Gen 1,2000,0.1,
Seagate Expansion,,Desktop,USB Type-A 3.2 Gen 1,5000,,
Seagate FreeAgent GoFlex Desk,,Desktop,USB Type-A 2.0,1000,,
Samsung D3 Station,,Desktop,USB Type-A 3.2 Gen 1,4000,,
Samsung D3 Station,,Desktop,USB Type-A 3.2 Gen 1,3000,,
Samsung D3 Station,,Desktop,USB Type-A 3.2 Gen 1,2000,,
Samsung D3 Station,,Desktop,,4000,,
Samsung D3 Station,,Desktop,USB Type-A 3.2 Gen 1,3000,,
Samsung D3 Station,,Desktop,USB Type-A 3.2 Gen 1,2000,,
LaCie d2,,Desktop,"Thunderbolt, USB Type-A 3.2 Gen 1",4000,,
LaCie d2,,Desktop,"Thunderbolt, USB Type-A 3.2 Gen 1",3000,,
LaCie d2 Quadra,,Desktop,"IEEE 1394B 9-Pin, eSATA 3.0 Gb/s, USB Type-A 3.2 Gen 1",5000,,
LaCie 2big,,Desktop,Thunderbolt,10000,,
LaCie Minimus,,Desktop,USB Type-A 3.2 Gen 1,3000,,
LaCie d2,,Desktop,"Thunderbolt, USB Type-A 3.2 Gen 1",6000,,
LaCie d2,,Desktop,"Thunderbolt, USB Type-A 3.2 Gen 1",5000,,
LaCie Porsche Design,,Desktop,USB Type-A 3.2 Gen 1,4000,,
LaCie 2big Quadra,,Desktop,"IEEE 1394B 9-Pin, USB Type-A 3.2 Gen 1",6000,,
LaCie d2,,Desktop,"Thunderbolt, USB Type-A 3.2 Gen 1",3000,,
LaCie 4big Quadra,,Desktop,"IEEE 1394B 9-Pin, USB Type-A 3.2 Gen 1",12000,,
LaCie Little Big Disk,,Desktop,Thunderbolt,1000,,
LaCie 4big Quadra,,Desktop,"IEEE 1394B 9-Pin, USB Type-A 3.2 Gen 1",16000,,
LaCie 2big Quadra,,Desktop,"IEEE 1394B 9-Pin, USB Type-A 3.2 Gen 1",4000,,
LaCie d2,,Desktop,"Thunderbolt, USB Type-A 3.2 Gen 1",4000,,
Western Digital My Book for Mac,,Desktop,USB Type-A 3.2 Gen 1,3000,,
Western Digital My Book for Mac,,Desktop,USB Type-A 3.2 Gen 1,2000,,
Western Digital My Book,187,Desktop,USB Type-A 3.2 Gen 1,3000,0.062,
Western Digital My Book,139.94,Desktop,USB Type-A 3.2 Gen 1,2000,0.07,
Western Digital My Book,,Desktop,USB Type-A 3.2 Gen 1,3000,,
Western Digital My Book Studio,,Desktop,"IEEE 1394B 9-Pin, USB Type-A 2.0",3000,,
LaCie Minimus,,Desktop,USB Type-A 3.2 Gen 1,2000,,
LaCie d2 Quadra,,Desktop,"IEEE 1394B 9-Pin, eSATA 3.0 Gb/s, USB Type-A 3.2 Gen 1",2000,,
Buffalo Technology DriveStation,,Desktop,Thunderbolt,256,,
Buffalo Technology DriveStation,,Desktop,Thunderbolt,1000,,
Buffalo Technology DriveStation Duo,,Desktop,USB Type-A 3.2 Gen 1,6000,,
Buffalo Technology DriveStation Duo,,Desktop,USB Type-A 3.2 Gen 1,2000,,
Buffalo Technology DriveStation Axis Velocity,,Desktop,USB Type-A 3.2 Gen 1,3000,,
Buffalo Technology DriveStation Axis Velocity,,Desktop,USB Type-A 3.2 Gen 1,1000,,
Buffalo Technology DriveStation,,Desktop,USB Type-A 3.2 Gen 1,4000,,
Buffalo Technology DriveStation,,Desktop,USB Type-A 3.2 Gen 1,3000,,
Buffalo Technology DriveStation Combo 4,,Desktop,"IEEE 1394A 6-Pin, IEEE 1394B 9-Pin, eSATA 3.0 Gb/s, USB Type-A 2.0",2000,,
Buffalo Technology DriveStation,,Desktop,USB Type-A 3.2 Gen 1,2000,,
Buffalo Technology DriveStation Axis,,Desktop,USB Type-A 3.2 Gen 1,1000,,
TEAMGROUP PD20 Eco Mini,,Portable,USB Type-C,4000,,White / Green
TEAMGROUP PD20 Eco Mini,84.99,Portable,USB Type-C,1000,0.085,White / Green
Lexar ARMOR 700,194.99,Portable,USB Type-C 3.2 Gen 2x2,2000,0.097,Blue
Lexar ARMOR 700,194.99,Portable,USB Type-C 3.2 Gen 2x2,2000,0.097,Black
Lexar ARMOR 700,109.99,Portable,USB Type-C 3.2 Gen 2x2,1000,0.11,Black
TEAMGROUP M200,,Portable,USB Type-C 3.2 Gen 2x2,250,,Black
TEAMGROUP PD1000,126.99,Portable,USB Type-C 3.2 Gen 2,2000,0.063,Teal
TEAMGROUP PD1000,60.99,Portable,USB Type-C 3.2 Gen 2,512,0.119,Teal
TEAMGROUP T-Create CinemaPr P31,,Portable,USB Type-C 3.2 Gen 2x2,2000,,Gray
TEAMGROUP T-Create CinemaPr P31,,Portable,USB Type-C 3.2 Gen 2x2,1000,,Gray
TEAMGROUP T-Create CinemaPr P31,270.99,Portable,USB Type-C 3.2 Gen 2x2,2000,0.135,Black
TEAMGROUP T-Create CinemaPr P31,509.99,Portable,USB Type-C 3.2 Gen 2x2,4000,0.127,Black
Lexar SL500,125.53,Portable,USB Type-C 3.2 Gen 2x2,1000,0.126,Black
Lexar SL500,,Portable,USB Type-C 3.2 Gen 2x2,4000,,Black
Lexar Professional SL600,,Portable,USB Type-C 3.2 Gen 2x2,512,,Black
Lexar SL210,,Portable,USB Type-C 3.2 Gen 1,2000,,Black
Lexar SL210,,Portable,USB Type-C 3.2 Gen 1,1000,,Black
Lexar SL210,,Portable,USB Type-C 3.2 Gen 1,500,,Black
Lexar SL200,,Portable,USB Type-C 3.2 Gen 1,2000,,Black
Lexar SL200,,Portable,USB Type-C 3.2 Gen 1,1000,,Black
Lexar SL100 Pro,,Portable,USB Type-C 3.2 Gen 1,500,,Black
Lexar SL100 Pro,,Portable,USB Type-C 3.2 Gen 1,1000,,Black
Lexar SL660 BLAZE,99.38,Portable,USB Type-C 3.2 Gen 2x2,1000,0.099,Black
TEAMGROUP PD20M Mag,149.99,Portable,USB Type-C 3.2 Gen 2,2000,0.075,Black
Sabrent Rocket nano XTRM,169.99,Portable,USB Type-C 3.2 Gen 2,1000,0.17,Black
Sabrent Rocket Pro,,Portable,USB Type-C 3.2 Gen 2,2000,,Silver
Sabrent Rocket Pro,,Portable,USB Type-C 3.2 Gen 2,256,,Silver
Sabrent Rocket XTRM-Q,,Portable,USB Type-C 3.2 Gen 2,4000,,Black
Sabrent Rocket XTRM-Q,,Portable,USB Type-C 3.2 Gen 2,2000,,Black
Sabrent Rocket XTRM-Q,,Portable,USB Type-C 3.2 Gen 2,1000,,Black
Sabrent Rocket XTRM-Q,,Portable,USB Type-C 3.2 Gen 2,500,,Black
Sabrent Rocket Nano Rugged,,Portable,USB Type-C 3.2 Gen 2,2000,,Silver
Sabrent Rocket Nano Rugged,137.38,Portable,USB Type-C 3.2 Gen 2,512,0.268,Silver
Sabrent Rocket Nano,,Portable,USB Type-C 3.2 Gen 2,2000,,Blue
Sabrent Rocket Nano,249.99,Portable,USB Type-C 3.2 Gen 2,2000,0.125,Gold
Sabrent Rocket Nano,169.99,Portable,USB Type-C 3.2 Gen 2,2000,0.085,Black
Sabrent Rocket Nano,229.99,Portable,USB Type-C 3.2 Gen 2,2000,0.115,Silver
Sabrent Rocket Nano,149.99,Portable,USB Type-C 3.2 Gen 2,1000,0.15,Pink
Sabrent Rocket Nano,149.99,Portable,USB Type-C 3.2 Gen 2,1000,0.15,Red
Sabrent Rocket Nano,149.99,Portable,USB Type-C 3.2 Gen 2,1000,0.15,Blue
Sabrent Rocket Nano,,Portable,USB Type-C 3.2 Gen 2,1000,,Black
Sabrent Rocket Nano,119.99,Portable,USB Type-C 3.2 Gen 2,1000,0.12,Silver
Sabrent Rocket Nano,109.99,Portable,USB Type-C 3.2 Gen 2,512,0.215,Pink
Sabrent Rocket Nano,109.99,Portable,USB Type-C 3.2 Gen 2,512,0.215,Red
Sabrent Rocket Nano,99.99,Portable,USB Type-C 3.2 Gen 2,512,0.195,Blue
Sabrent Rocket Nano,99.99,Portable,USB Type-C 3.2 Gen 2,512,0.195,Gold
Sabrent Rocket Nano,,Portable,USB Type-C 3.2 Gen 2,512,,Black
Sabrent Rocket Nano,79.99,Portable,USB Type-C 3.2 Gen 2,512,0.156,Silver
Apricorn Padlock SSD,430.99,Portable,USB Type-A 3.2 Gen 1,1000,0.431,Black
Apricorn Aegis Padlock 3.0,1267.5,Portable,USB Type-A 3.2 Gen 1,4000,0.317,Black
Apricorn Aegis Padlock 3.0,,Portable,USB Type-A 3.2 Gen 1,1000,,Black
Apricorn Aegis Padlock 3.0,289,Portable,USB Type-A 3.2 Gen 1,512,0.564,Black
Apricorn Aegis Padlock 3.0,177.99,Portable,USB Type-A 3.2 Gen 1,256,0.695,Black
Apricorn Aegis Padlock 3.0,233.67,Portable,USB Type-A 3.2 Gen 1,2000,0.117,Black
Apricorn Aegis Fortress,383.88,Portable,USB Type-A 3.2 Gen 1,1000,0.384,Black
Apricorn Aegis Fortress,195.33,Portable,USB Type-A 3.2 Gen 1,256,0.763,Black
Apricorn NVX,512.99,Portable,USB Type-C 3.2 Gen 2,1000,0.513,Black
Apricorn Aegis Fortress L3,428.04,Portable,"USB Type-A 3.2 Gen 1, USB Type-C 3.2 Gen 1",1000,0.428,Black
Apricorn Aegis Fortress L3,368.12,Portable,"USB Type-A 3.2 Gen 1, USB Type-C 3.2 Gen 1",512,0.719,Black
Apricorn Aegis Fortress L3,291.62,Portable,"USB Type-A 3.2 Gen 1, USB Type-C 3.2 Gen 1",2000,0.146,Black
Apricorn Aegis Fortress L3,242.09,Portable,"USB Type-A 3.2 Gen 1, USB Type-C 3.2 Gen 1",1000,0.242,Black
Apricorn Aegis Fortress L3,227.99,Portable,"USB Type-A 3.2 Gen 1, USB Type-C 3.2 Gen 1",500,0.456,Black
VisionTek 901378,,Portable,USB Type-C,8000,,Black
VisionTek 901377,,Portable,USB Type-C,4000,,Black
VisionTek 901196,,Portable,USB Type-C,1000,,Black
VisionTek 901195,,Portable,USB Type-C,512,,Black
Silicon Power Stream S05,,Portable,USB Type-A 3.2 Gen 1,1000,,Black
Silicon Power Stream S05,,Portable,USB Type-A 3.2 Gen 1,2000,,Black
Silicon Power Stream S05,,Portable,USB Type-A 3.2 Gen 1,4000,,Black
Silicon Power Stream S05,,Portable,USB Type-A 3.2 Gen 1,5000,,Black
Silicon Power Bolt B75,,Portable,USB Type-C 3.2 Gen 1,128,,Silver
Silicon Power Bolt B75,,Portable,USB Type-C 3.2 Gen 1,240,,Silver
Silicon Power Bolt B75,,Portable,USB Type-C 3.2 Gen 1,256,,Silver
Silicon Power Bolt B75,,Portable,USB Type-C 3.2 Gen 1,512,,Silver
Silicon Power Bolt B75,233.06,Portable,USB Type-C 3.2 Gen 1,960,0.243,Silver
Silicon Power Bolt B75,,Portable,USB Type-C 3.2 Gen 1,1000,,Silver
Silicon Power Bolt B75,,Portable,USB Type-C 3.2 Gen 1,2000,,Silver
Silicon Power Bolt B75,,Portable,USB Type-C 3.2 Gen 1,4000,,Silver
Silicon Power PC60,,Portable,USB Type-C 3.2 Gen 2,480,,Black
Silicon Power PC60,,Portable,USB Type-C 3.2 Gen 2,1920,,Black
KIOXIA EXCERIA PLUS,73.7,Portable,USB Type-C 3.2 Gen 2,500,0.147,Gray
KIOXIA EXCERIA PLUS,330.43,Portable,USB Type-C 3.2 Gen 2,2000,0.165,Gray
Seagate Barracuda Fast,,Portable,USB Type-C,1000,,Black
Verbatim Vx460,,Portable,USB Type-A 3.2 Gen 1,256,,Black
Crucial X8,,Portable,"USB Type-A 3.2 Gen 1, USB Type-C 3.2 Gen 2",500,,Black
Western Digital My Passport For Mac,,Portable,"USB Type-A 3.2 Gen 1, USB Type-C 3.2 Gen 1",1000,,Black
Seagate One Touch,,Portable,USB Type-A 3.2 Gen 1,5000,,Gray
Seagate One Touch,189,Portable,USB Type-A 3.2 Gen 1,5000,0.038,Red
Seagate One Touch,,Portable,USB Type-A 3.2 Gen 1,5000,,Blue
Seagate One Touch,,Portable,USB Type-A 3.2 Gen 1,5000,,Silver
Seagate One Touch,,Portable,USB Type-A 3.2 Gen 1,4000,,Red
Seagate One Touch,,Portable,USB Type-A 3.2 Gen 1,2000,,Red
Seagate One Touch,,Portable,USB Type-A 3.2 Gen 1,2000,,Blue
Seagate One Touch,127.99,Portable,USB Type-A 3.2 Gen 1,2000,0.064,Silver
Seagate One Touch,,Portable,USB Type-A 3.2 Gen 1,1000,,Gray
Seagate One Touch,,Portable,USB Type-A 3.2 Gen 1,1000,,Blue
Seagate One Touch,,Portable,"USB Type-A 3.2 Gen 2, USB Type-C 3.2 Gen 2",500,,Silver
Seagate One Touch,,Portable,"USB Type-A 3.2 Gen 2, USB Type-C 3.2 Gen 2",500,,Blue
Seagate One Touch,94.99,Portable,"USB Type-A 3.2 Gen 2, USB Type-C 3.2 Gen 2",1000,0.095,Black
Seagate One Touch,159.99,Portable,"USB Type-A 3.2 Gen 2, USB Type-C 3.2 Gen 2",2000,0.08,Silver
Seagate One Touch,164.99,Portable,"USB Type-A 3.2 Gen 2, USB Type-C 3.2 Gen 2",2000,0.082,Blue
Samsung T3 Portable,,Portable,USB Type-C 3.2 Gen 1,250,,
Samsung T3 Portable,,Portable,USB Type-C 3.2 Gen 1,2000,,
Samsung T3 Portable,,Portable,USB Type-C 3.2 Gen 1,500,,
Samsung T5 Portable,,Portable,USB Type-C 3.2 Gen 2,1000,,Gold
Samsung T5 Portable,,Portable,USB Type-C 3.2 Gen 2,500,,Gold
Samsung T5 Portable,,Portable,USB Type-C 3.2 Gen 2,500,,Red
Western Digital My Passport Ultra,,Portable,USB Type-A 3.2 Gen 2,3000,,White
SanDisk G-DRIVE ArmorLock,,Portable,USB Type-C 3.2 Gen 1,4000,,Black / Yellow
SanDisk G-DRIVE ArmorLock,,Portable,USB Type-C 3.2 Gen 1,2000,,Black / Yellow
SanDisk G-DRIVE ArmorLock,,Portable,USB Type-C 3.2 Gen 1,1000,,Black / Yellow
Apacer AS721,,Portable,USB Type-C 3.2 Gen 1,1000,,Black
Apacer AS721,,Portable,USB Type-C 3.2 Gen 1,500,,Black
Apacer AS721,,Portable,USB Type-C 3.2 Gen 1,250,,Black
Apacer AS722,,Portable,USB Type-C 3.2 Gen 1,1000,,Black
Apacer AS722,,Portable,USB Type-C 3.2 Gen 1,512,,Black
Seagate Backup Plus Portable,,Portable,USB Type-A 3.2 Gen 1,5000,,Black
Western Digital G-DRIVE Mobile,,Portable,USB Type-C 3.2 Gen 1,1000,,Silver
Western Digital G-DRIVE Mobile,,Portable,USB Type-C 3.2 Gen 1,2000,,Silver
Western Digital G-DRIVE ev RaW,,Portable,"USB Type-A 2.0, USB Type-A 3.2 Gen 1",2000,,Silver
Seagate Backup Plus Ultra Touch,,Portable,USB Type-A 3.2 Gen 1,1000,,White
Seagate Backup Plus Portable,,Portable,USB Type-A 3.2 Gen 1,5000,,Blue / White
Seagate Backup Plus Portable,,Portable,USB Type-A 3.2 Gen 1,4000,,Blue / White
Apricorn Aegis Fortress,294.99,Portable,USB Type-A 3.2 Gen 1,512,0.576,Black
Apricorn Aegis Padlock DT,,Portable,USB Type-A 3.2 Gen 1,14000,,Black
Buffalo Technology Americas MiniStation,,Portable,USB Type-A 3.2 Gen 1,1000,,Black
Apricorn Apricorn Aegis Padlock,,Portable,USB Type-A 3.2 Gen 1,128,,Black
Buffalo Technology Americas MiniStation,,Portable,USB Type-A 3.2 Gen 1,2000,,Black
Apricorn Aegis Padlock Fortress,237.99,Portable,USB Type-A 3.2 Gen 1,2000,0.119,Black
Western Digital My Passport,158.99,Portable,USB Type-A 3.2 Gen 1,4000,0.04,Black
Seagate Backup Plus Portable,,Portable,USB Type-A 3.2 Gen 1,5000,,Blue
Seagate Backup Plus Portable,,Portable,USB Type-A 3.2 Gen 1,5000,,Silver
Samsung T5,189.99,Portable,USB Type-C 3.2 Gen 1,250,0.76,Blue
Freecom Mobile Drive Classic 3.0,,Portable,USB Type-A 3.2 Gen 1,1000,,Black
ADATA SE730,,Portable,USB Type-C 3.2 Gen 1,250,,
ADATA SD700,,Portable,USB Type-A 3.2 Gen 1,512,,
ADATA SD700,,Portable,USB Type-A 3.2 Gen 1,512,,
ADATA SD700,,Portable,USB Type-A 3.2 Gen 1,256,,
ADATA SD700,,Portable,USB Type-A 3.2 Gen 1,1000,,
ADATA SD600,,Portable,USB Type-A 3.2 Gen 1,512,,
ADATA SD600,,Portable,USB Type-A 3.2 Gen 1,512,,
ADATA SD600,,Portable,USB Type-A 3.2 Gen 1,256,,
SanDisk Extreme 900,184.48,Portable,USB Type-A 3.2 Gen 2,960,0.192,
SanDisk Extreme 900,,Portable,USB Type-A 3.2 Gen 2,480,,
SanDisk Extreme 900,,Portable,USB Type-A 3.2 Gen 2,1920,,
Apricorn Padlock SSD,274.32,Portable,USB Type-A 3.2 Gen 1,480,0.572,Black
Apricorn Padlock SSD,186.03,Portable,USB Type-A 3.2 Gen 1,240,0.775,Black
Western Digital My Passport,,Portable,USB Type-A 3.2 Gen 1,2000,,
Transcend StoreJet,79.99,Portable,USB Type-A 3.2 Gen 1,1000,0.08,
Transcend TS128GSJC10K,,Portable,USB Type-A 3.2 Gen 1,128,,
Transcend TS128GESD200K,,Portable,USB Type-A 3.2 Gen 1,128,,
Lenovo ThinkPad,,Portable,USB Type-A 3.2 Gen 1,1000,,
Lenovo ThinkPad,250.59,Portable,USB Type-A 3.2 Gen 1,500,0.501,
Lenovo ThinkPad,,Portable,USB Type-A 3.2 Gen 1,750,,
Toshiba Canvio Slim II,106,Portable,,1000,0.106,
Toshiba Canvio Slim II,105,Portable,USB Type-A 3.2 Gen 1,1000,0.105,
Toshiba Canvio Slim II,101,Portable,USB Type-A 3.2 Gen 1,1000,0.101,
Toshiba Canvio Connect,,Portable,USB Type-A 3.2 Gen 1,2000,,
Toshiba Canvio Connect,,Portable,USB Type-A 3.2 Gen 1,2000,,
Toshiba Canvio Connect,,Portable,USB Type-A 3.2 Gen 1,2000,,
Toshiba Canvio Connect,,Portable,USB Type-A 3.2 Gen 1,2000,,
Toshiba Canvio Connect,,Portable,USB Type-A 3.2 Gen 1,2000,,
Toshiba Canvio Connect,,Portable,USB Type-A 3.2 Gen 1,1500,,
Toshiba Canvio Connect,,Portable,USB Type-A 3.2 Gen 1,1500,,
Toshiba Canvio Connect,,Portable,USB Type-A 3.2 Gen 1,1500,,
Toshiba Canvio Connect,,Portable,USB Type-A 3.2 Gen 1,1500,,
Toshiba Canvio Connect,,Portable,USB Type-A 3.2 Gen 1,1000,,
Toshiba Canvio Connect,,Portable,USB Type-A 3.2 Gen 1,1000,,
Toshiba Canvio Connect,,Portable,USB Type-A 3.2 Gen 1,1000,,
Toshiba Canvio Connect,,Portable,USB Type-A 3.2 Gen 1,1000,,
Toshiba Canvio Connect,,Portable,USB Type-A 3.2 Gen 1,1000,,
Toshiba Canvio Connect,,Portable,USB Type-A 3.2 Gen 1,750,,
Toshiba Canvio Connect,,Portable,USB Type-A 3.2 Gen 1,750,,
Toshiba Canvio Connect,,Portable,USB Type-A 3.2 Gen 1,750,,
Toshiba Canvio Connect,,Portable,USB Type-A 3.2 Gen 1,500,,
Toshiba Canvio Connect,,Portable,USB Type-A 3.2 Gen 1,500,,
Imation Apollo Expert,,Portable,USB Type-A 3.2 Gen 1,1000,,
Transcend StoreJet,,Portable,USB Type-A 2.0,500,,
Transcend StoreJet,,Portable,USB Type-A 2.0,500,,
Transcend StoreJet,,Portable,USB Type-A 3.2 Gen 1,500,,
Transcend StoreJet,,Portable,USB Type-A 2.0,750,,
Axiom Mobile-D,,Portable,USB Type-A 3.2 Gen 1,500,,
Axiom Mobile-D,,Portable,USB Type-A 3.2 Gen 1,320,,
Axiom Mobile-D,,Portable,USB Type-A 3.2 Gen 1,250,,
Axiom Mobile-D,,Portable,USB Type-A 3.2 Gen 1,750,,
Axiom Mobile-D,,Portable,USB Type-A 3.2 Gen 1,500,,
Axiom Mobile-D,,Portable,USB Type-A 3.2 Gen 1,320,,
Axiom Mobile-D,,Portable,USB Type-A 3.2 Gen 1,1000,,
Apricorn Aegis Padlock,,Portable,,500,,
Apricorn Aegis Padlock,,Portable,USB Type-A 2.0,1000,,
Apricorn Aegis Padlock,,Portable,USB Type-A 2.0,1000,,
Apricorn Aegis Portable 3.0,,Portable,USB Type-A 3.2 Gen 1,500,,
Apricorn Aegis Portable 3.0,,Portable,USB Type-A 3.2 Gen 1,1000,,
Apricorn Aegis Padlock Fortress,168.45,Portable,USB Type-A 3.2 Gen 1,500,0.337,
Apricorn Aegis Padlock 3.0,153.88,Portable,USB Type-A 3.2 Gen 1,500,0.308,Black
Apricorn Aegis Padlock Fortress,,Portable,USB Type-A 3.2 Gen 1,500,,
Apricorn Aegis Padlock,,Portable,USB Type-A 3.2 Gen 1,500,,
Apricorn Aegis Padlock,,Portable,USB Type-A 3.2 Gen 1,1000,,
Apricorn Aegis Bio 3.0,,Portable,USB Type-A 3.2 Gen 1,512,,
Apricorn Aegis Bio,,Portable,USB Type-A 3.2 Gen 1,1000,,
ADATA SH14,,Portable,USB Type-A 3.2 Gen 1,1000,,
ADATA DashDrive SE720,,Portable,USB Type-A 3.2 Gen 1,128,,
ADATA AHV620-500GU3-CBK,,Portable,USB Type-A 3.2 Gen 1,500,,
ADATA CH11,61.65,Portable,USB Type-A 3.2 Gen 1,500,0.123,
Hitachi HGST Touro Mobile Pro,,Portable,USB Type-A 3.2 Gen 1,1000,,
Hitachi HGST Touro Mobile,,Portable,USB Type-A 3.2 Gen 1,500,,
Hitachi GST Touro Mobile Pro,,Portable,USB Type-A 3.2 Gen 1,500,,
Seagate Backup Plus Slim,146,Portable,USB Type-A 3.2 Gen 1,2000,0.073,
Seagate Backup Plus Slim,,Portable,USB Type-A 3.2 Gen 1,2000,,
Seagate Backup Plus,,Portable,USB Type-A 3.2 Gen 1,1000,,
Seagate GoFlex for Mac,,Portable,Thunderbolt,1000,,
Samsung MU-PS500B/AM,,Portable,USB Type-A 3.2 Gen 1,500,,
Samsung MU-PS250B/AM,,Portable,USB Type-A 3.2 Gen 1,250,,
Samsung P3 Portable,,Portable,USB Type-A 3.2 Gen 1,2000,,
Samsung P3,,Portable,USB Type-A 3.2 Gen 1,1000,,
Samsung P3,,Portable,USB Type-A 3.2 Gen 1,500,,
Verbatim 97806,,Portable,USB Type-A 3.2 Gen 1,1000,,
Verbatim 97805,,Portable,USB Type-A 3.2 Gen 1,500,,
Verbatim Freecom,,Portable,USB Type-A 3.2 Gen 1,1000,,
Verbatim Freecom,,Portable,USB Type-A 3.2 Gen 1,1000,,
Verbatim Titan XS,86.86,Portable,,1000,0.087,
Verbatim Store 'n' Go,,Portable,USB Type-A 3.2 Gen 1,128,,
LaCie Porsche Design,,Portable,,250,,
LaCie Porsche Design,,Portable,USB Type-A 3.2 Gen 1,120,,
LaCie Little Big Disk,,Portable,Thunderbolt,512,,
LaCie Rugged,,Portable,"Thunderbolt, USB Type-A 3.2 Gen 1",2000,,
LaCie Rugged,,Portable,"Thunderbolt, USB Type-A 3.2 Gen 1",1000,,
LaCie Rugged,,Portable,"Thunderbolt, USB Type-A 3.2 Gen 1",120,,
LaCie Rugged Mini,,Portable,USB Type-A 3.2 Gen 1,1500,,
Western Digital My Passport,,Portable,USB Type-A 3.2 Gen 1,2000,,
Western Digital My Passport Air,,Portable,USB Type-A 3.2 Gen 1,1000,,
Western Digital ELEMENTS,,Portable,USB Type-A 3.2 Gen 1,1500,,
Western Digital My Passport Studio,,Portable,"IEEE 1394B 9-Pin, USB Type-A 2.0",2000,,
Western Digital My Passport Slim,,Portable,USB Type-A 3.2 Gen 1,1000,,
Western Digital My Passport Studio,,Portable,"IEEE 1394B 9-Pin, USB Type-A 2.0",1000,,
LaCie Porsche Design,,Portable,USB Type-A 3.2 Gen 1,1000,,
LaCie Porsche Design,,Portable,USB Type-A 3.2 Gen 1,500,,
LaCie Rugged,,Portable,"IEEE 1394B 9-Pin, USB Type-A 3.2 Gen 1",1000,,
LaCie Rugged,,Portable,"IEEE 1394B 9-Pin, USB Type-A 3.2 Gen 1",500,,
LaCie Rugged,,Portable,"IEEE 1394B 9-Pin, USB Type-A 3.2 Gen 1",500,,
LaCie Rikiki,,Portable,USB Type-A 3.2 Gen 1,500,,
LaCie Rugged Mini,,Portable,USB Type-A 3.2 Gen 1,500,,
LaCie Rugged Mini,,Portable,USB Type-A 3.2 Gen 1,500,,
Buffalo Technology MiniStation Extreme,,Portable,USB Type-A 3.2 Gen 1,500,,
Buffalo Technology MiniStation Extreme,,Portable,USB Type-A 3.2 Gen 1,500,,
Buffalo Technology MiniStation Extreme,,Portable,USB Type-A 3.2 Gen 1,1000,,
Buffalo Technology MiniStation Extreme,,Portable,USB Type-A 3.2 Gen 1,1000,,
Buffalo Technology MiniStation Extreme,,Portable,USB Type-A 3.2 Gen 1,1000,,
Buffalo Technology MiniStation,,Portable,USB Type-A 3.2 Gen 1,500,,
Buffalo Technology MiniStation,,Portable,USB Type-A 3.2 Gen 1,2000,,
Buffalo Technology MiniStation,,Portable,USB Type-A 3.2 Gen 1,1000,,
ADATA DashDrive,,Portable,USB Type-A 3.2 Gen 1,1000,,
